[{"set": "Undead Rush", "name":"Zombie", "id":"Zombie", "type":"Ally", "Tribe":"Undead"}
,{"set": "Undead Rush", "name":"Zombie Horde", "id":"Zombie Horde", "type":"Ally", "Tribe":"Undead"}
,{"set": "Undead Rush", "name":"Trusted' Buggy", "id":"Trusted Buggy", "type":"Environment", "Tribe":"NA"}
,{"set": "Undead Rush", "name":"South Floodlands", "id":"South Floodlands", "type":"Environment", "Tribe":"NA"}
,{"set": "Undead Rush", "name":"Sai, the Vengeant", "id":"Sai, The Vengeant", "type":"Ally", "Tribe":"Undead"}
,{"set": "Undead Rush", "name":"Sai, the Unprepared", "id":"Sai, The Unprepared", "type":"Ally", "Tribe":"Undead"}
,{"set": "Undead Rush", "name":"Sai, the Indisposed", "id":"Sai, The Indisposed", "type":"Ally", "Tribe":"Undead"}
,{"set": "Undead Rush", "name":"Ritualistic Extrusion", "id":"Ritualistic Extrusion", "type":"Ascension", "Tribe":"NA"}
,{"set": "Undead Rush", "name":"Rise of the Dead", "id":"Rise of the Dead", "type":"Favor", "Tribe":"Undead"}
,{"set": "Undead Rush", "name":"Ravenous Zombies", "id":"Ravenous Zombies", "type":"Ally", "Tribe":"Undead"}
,{"set": "Undead Rush", "name":"PulpKnitter", "id":"PulpKnitter", "type":"Artefact", "Tribe":"NA"}
,{"set": "Undead Rush", "name":"Poisoned Rations", "id":"Poisoned Rations", "type":"Ability", "Tribe":"NA"}
,{"set": "Undead Rush", "name":"Necrotic Teeth", "id":"Necrotic Teeth", "type":"Artefact", "Tribe":"NA"}
,{"set": "Undead Rush", "name":"Man Slayer", "id":"Man Slayer", "type":"Ascension", "Tribe":"NA"}
,{"set": "Undead Rush", "name":"Leadership Victory", "id":"Leadership Victory", "type":"Ascension", "Tribe":"NA"}
,{"set": "Undead Rush", "name":"Inspiring Voice", "id":"Inspiring Voice", "type":"Ability", "Tribe":"NA"}
,{"set": "Undead Rush", "name":"Group of Zombies", "id":"Group of Zombies", "type":"Ally", "Tribe":"Undead"}
,{"set": "Undead Rush", "name":"Frost Shield", "id":"Frost Shield", "type":"Environment", "Tribe":"NA"}
,{"set": "Undead Rush", "name":"Flood of Bodies", "id":"Flood of Bodies", "type":"Favor", "Tribe":"Undead"}
,{"set": "Undead Rush", "name":"Demon Corpse", "id":"Demon Corpse", "type":"Ally", "Tribe":"Mixed"}
,{"set": "Undead Rush", "name":"Cast From Godhood", "id":"Cast From Godhood", "type":"Favor", "Tribe":"NA"}
,{"set": "Undead Rush", "name":"Call of the Dead", "id":"Call of the Dead", "type":"Favor", "Tribe":"Undead"}
,{"set": "Undead Rush", "name":"Burning Corpse", "id":"Burning Corpse", "type":"Ally", "Tribe":"Mixed"}
,{"set": "Undead Rush", "name":"Black Feng Mtns", "id":"Black Feng Mtns", "type":"Environment", "Tribe":"Undead"}
,{"set": "Undead Rush", "name":"Betrayal Victory", "id":"Betrayal Victory", "type":"Ascension", "Tribe":"NA"}
,{"set": "Undead Rush", "name":"Armor Swap", "id":"Armor Swap", "type":"Ability", "Tribe":"NA"}
,{"set": "Undead Rush", "name":"Ambush", "id":"Ambush", "type":"Favor", "Tribe":"NA"}
,{"set": "Undead Rush", "name":"Alma Bay", "id":"Alma Bay", "type":"Environment", "Tribe":"NA"}
,{"set": "Undead Rush", "name":"Artefact", "id":"Acid Blade", "type":"Artefact", "Tribe":"NA"}
]