{
  "allCardsUrl": "https://www.cardgamesimulator.com/games/DraKaise/AllCards.json",
  "allSetsUrl": "https://www.cardgamesimulator.com/games/DraKaise/AllSets.json",
  "autoUpdateUrl": "https://www.cardgamesimulator.com/games/DraKaise/DraKaise.json",
  "bannerImageUrl": "https://www.cardgamesimulator.com/games/DraKaise/Banner.png",
  "cardBackImageUrl": "https://www.cardgamesimulator.com/games/DraKaise/CardBack.png",
  "cardImageUrl": "https://www.cardgamesimulator.com/games/DraKaise/sets/{cardSet}/{cardId}.{cardImageFileType}",
  "cardPrimaryProperty": "type",
  "cardProperties": [
    {
      "name": "type",
      "display": "Type",
      "type": "stringEnum"
    },
    {
      "name": "tribe",
      "display": "Tribe",
      "type": "stringEnum"
    },
  ],
  "cgsDeepLink": "https://cgs.link/DraKaise",
  "deckUrls": [
    {
      "name": "Undead Rush Deck",
      "url": "https://www.cardgamesimulator.com/games/DraKaise/decks/Undead%Rush%20Deck.txt"
    }
  ],
  "enums": [
    {
      "property": "type",
      "values": {
        "ally": "Ally",
        "artefact": "Artefact",
        "ascension": "Ascension"
        "favor": "Favor"        
        "environment": "Environment"
      }
    },
    {
      "property": "Tribe",
      "values": {
        "undead": "Undead",
        "dogs": "Dogs",
        "serpent-born": "Serpent-Born",
        "faeborn": "FaeBorn",
        "mixed": "Mixed",
        "na": "NA",
        }
    }
  ],
  "gamePlayDeckName": "Square Wall",
  "name": "DraKaise",
  "rulesUrl": "http://mahjong.wikidot.com/basic-rules"
}